{"cameraMode":{"drawMode":0,"name":"Shaded","section":"Shading Mode"},"sceneLighting":false,"audioPlay":false,"sceneViewState":{"showFog":true,"showMaterialUpdate":false,"showSkybox":true,"showFlares":true,"showImageEffects":true,"showParticleSystems":true},"in2DMode":false,"pivot":{"x":0.0749698355793953,"y":0.13079933822155,"z":-0.2873070240020752},"rotation":{"x":-0.41854292154312136,"y":-0.06176310032606125,"z":0.028591856360435487,"w":-0.9056432843208313},"size":0.47252383828163149,"orthographic":true}