{"cameraMode":{"drawMode":0,"name":"Shaded","section":"Shading Mode"},"sceneLighting":false,"audioPlay":false,"sceneViewState":{"showFog":true,"showMaterialUpdate":false,"showSkybox":true,"showFlares":true,"showImageEffects":true,"showParticleSystems":true},"in2DMode":false,"pivot":{"x":960.0,"y":850.8153686523438,"z":-0.000005355002031137701},"rotation":{"x":-0.05937505140900612,"y":-0.01169295608997345,"z":0.0007088860729709268,"w":-0.998167097568512},"size":1123.1043701171875,"orthographic":true}