{"cameraMode":{"drawMode":0,"name":"Shaded","section":"Shading Mode"},"sceneLighting":false,"audioPlay":false,"sceneViewState":{"showFog":true,"showMaterialUpdate":false,"showSkybox":true,"showFlares":true,"showImageEffects":true,"showParticleSystems":true},"in2DMode":false,"pivot":{"x":0.2339698225259781,"y":1.5122008323669434,"z":-1.1333069801330567},"rotation":{"x":-0.6896318197250366,"y":-0.045916203409433368,"z":0.043963007628917697,"w":-0.7213646173477173},"size":0.4725242853164673,"orthographic":true}