{"cameraMode":{"drawMode":0,"name":"Shaded","section":"Shading Mode"},"sceneLighting":false,"audioPlay":false,"sceneViewState":{"showFog":true,"showMaterialUpdate":false,"showSkybox":true,"showFlares":true,"showImageEffects":true,"showParticleSystems":true},"in2DMode":false,"pivot":{"x":0.10764186084270477,"y":0.048778850585222247,"z":0.02917584218084812},"rotation":{"x":-0.12179304659366608,"y":-0.34927648305892947,"z":0.045857422053813937,"w":-0.9279383420944214},"size":0.7186600565910339,"orthographic":true}