{"cameraMode":{"drawMode":0,"name":"Shaded","section":"Shading Mode"},"sceneLighting":true,"audioPlay":false,"sceneViewState":{"showFog":true,"showMaterialUpdate":false,"showSkybox":true,"showFlares":true,"showImageEffects":true,"showParticleSystems":true},"in2DMode":false,"pivot":{"x":-0.22601184248924256,"y":0.2775000333786011,"z":1.3778995275497437},"rotation":{"x":-0.11922167241573334,"y":-0.09042739868164063,"z":0.010937971994280815,"w":-0.9886806607246399},"size":2.041628122329712,"orthographic":true}