{"cameraMode":{"drawMode":0,"name":"Shaded","section":"Shading Mode"},"sceneLighting":true,"audioPlay":false,"sceneViewState":{"showFog":true,"showMaterialUpdate":false,"showSkybox":true,"showFlares":true,"showImageEffects":true,"showParticleSystems":true},"in2DMode":false,"pivot":{"x":-1.3540000915527344,"y":2.0149993896484377,"z":0.0},"rotation":{"x":-0.16607649624347688,"y":-0.08008229732513428,"z":0.013566954992711544,"w":-0.9827621579170227},"size":67.51609802246094,"orthographic":true}