{"cameraMode":{"drawMode":0,"name":"Shaded","section":"Shading Mode"},"sceneLighting":false,"audioPlay":false,"sceneViewState":{"showFog":true,"showMaterialUpdate":false,"showSkybox":true,"showFlares":true,"showImageEffects":true,"showParticleSystems":true},"in2DMode":false,"pivot":{"x":855.406982421875,"y":740.0189819335938,"z":437.7919921875},"rotation":{"x":0.07752067595720291,"y":0.9223174452781677,"z":-0.258548766374588,"w":0.2765387296676636},"size":9.196548461914063,"orthographic":false}