{"cameraMode":{"drawMode":0,"name":"Shaded","section":"Shading Mode"},"sceneLighting":false,"audioPlay":false,"sceneViewState":{"showFog":true,"showMaterialUpdate":false,"showSkybox":true,"showFlares":true,"showImageEffects":true,"showParticleSystems":true},"in2DMode":false,"pivot":{"x":-0.0008000396192073822,"y":0.5675499439239502,"z":0.034915741533041},"rotation":{"x":-0.21909508109092713,"y":-0.5323262214660645,"z":0.1449270248413086,"w":-0.8047499060630798},"size":0.7457560300827026,"orthographic":false}