{"cameraMode":{"drawMode":0,"name":"Shaded","section":"Shading Mode"},"sceneLighting":true,"audioPlay":false,"sceneViewState":{"showFog":true,"showMaterialUpdate":false,"showSkybox":true,"showFlares":true,"showImageEffects":true,"showParticleSystems":true},"in2DMode":false,"pivot":{"x":-0.46535420417785647,"y":1.3656158447265626,"z":1.7258490324020386},"rotation":{"x":-0.4027566909790039,"y":-0.11267867684364319,"z":0.05003727972507477,"w":-0.9069657921791077},"size":3.661125659942627,"orthographic":false}