{"cameraMode":{"drawMode":0,"name":"Shaded","section":"Shading Mode"},"sceneLighting":false,"audioPlay":false,"sceneViewState":{"showFog":true,"showMaterialUpdate":false,"showSkybox":true,"showFlares":true,"showImageEffects":true,"showParticleSystems":true},"in2DMode":false,"pivot":{"x":-96.61299133300781,"y":-85.67340087890625,"z":-133.40499877929688},"rotation":{"x":-0.08426552265882492,"y":0.7737572193145752,"z":-0.10534092783927918,"w":-0.6189526915550232},"size":366.8592224121094,"orthographic":false}