{"cameraMode":{"drawMode":0,"name":"Shaded","section":"Shading Mode"},"sceneLighting":false,"audioPlay":false,"sceneViewState":{"showFog":true,"showMaterialUpdate":false,"showSkybox":true,"showFlares":true,"showImageEffects":true,"showParticleSystems":true},"in2DMode":false,"pivot":{"x":-0.3089999854564667,"y":0.0,"z":-0.029600001871585847},"rotation":{"x":0.21788084506988526,"y":0.39072227478027346,"z":-0.09578800946474076,"w":0.8892067670822144},"size":0.06883883476257324,"orthographic":true}