{"cameraMode":{"drawMode":0,"name":"Shaded","section":"Shading Mode"},"sceneLighting":false,"audioPlay":false,"sceneViewState":{"showFog":true,"showMaterialUpdate":false,"showSkybox":true,"showFlares":true,"showImageEffects":true,"showParticleSystems":true},"in2DMode":false,"pivot":{"x":0.007961150258779526,"y":1.5064207315444947,"z":-1.1222057342529297},"rotation":{"x":0.05087420344352722,"y":-0.8950144052505493,"z":-0.10571026057004929,"w":-0.4303329586982727},"size":0.22728820145130158,"orthographic":true}