{"cameraMode":{"drawMode":0,"name":"Shaded","section":"Shading Mode"},"sceneLighting":false,"audioPlay":false,"sceneViewState":{"showFog":true,"showMaterialUpdate":false,"showSkybox":true,"showFlares":true,"showImageEffects":true,"showParticleSystems":true},"in2DMode":false,"pivot":{"x":-1.940000057220459,"y":1.2999999523162842,"z":1.8600000143051148},"rotation":{"x":0.23158638179302216,"y":0.6976022124290466,"z":-0.25758296251296999,"w":0.6271921992301941},"size":4.957884311676025,"orthographic":false}